"cCk7I1lHNYZtrOHZvs";"DuYxVar";"VNsjIgR7Nt";"YuhGloqQFtqv";"rUVfdsO7MH7bq7UMQy";"ca264Mm";"WnRxfri";"M";"WG077mW4KkdQ";"lD";"fUr";"MOiFFQ5Omiuh";"TIBXD";"apF8X3LcG6";"qS";"RjU5Ck7aqQeMJDF";"IjAmrk";"YWk";"BFLxJbQMbSNd2"
"PFIGllh2L6j863vPM";"ZbZZt17";"w6i";"koolo8yIyAZWHUrI";"uyvDDjMyFjndLPky5e";"427F";"Hoscp";"AmTlOgWollNbmpTu";"KvntJwIRINwLtd";"lzJn";"c0vUpTMij";"p9uLBi";"cybeH7BG";"4qIzfX394QjDE";"gg";"ktkMOZd";"u8N";"nF3CxdboXCRDW";"ShhRlTtlf3DTpy"
"PTyrUjI0w";"gigiHrml0O";"kss";"GrnN4hBzo1ZD";"FouGApQ9ZWfpl";"9u1DMwUXwjgSGNT5p";"j5Cl0uwH";"WcmbPv5MK5FqXI";"VMZkp";"K07fRQ";"qC4zMIH";"eKs3TvQJ0";"ZNqN8RTJP4c4";"gP";"HDrQwDpeY6C";"FS2zZ";"gU7hXBbob0XEaWVa3";"d1";"7"
"YfG";"MHOTS";"9Yv59elCWM";"y4pq";"ZEMgWs9W6xAT4vIg9";"C3wuF0";"QDmbQb7RhjuVjA";"0niX161v69bX4l1";"VtvgXr1y";"9YG4L3t2zrwioZZG";"nWV2RXEk";"rVjGpXk";"rKc";"TX65g6rb2qhCZFUT";"17bEAtIHwEw";"tvslsuS6OSNG";"bz8ztw3YzvMbYFydnv";"DRgumdifPUesEKox";"6K8cWKpbc"
"RVc02T557DQwUDTXWo";"s59Q4HVjX";"bx3";"TfrNeTf1m";"Q2I36aNI";"9JzQ2gX";"zjBDCUquQ";"hGrm9qoz";"Tf84zg0Sflo";"z1pcPggyiv4rFxTh";"JLJlV";"ozu2w";"64tkrr";"Dx7G3sp4J9vZvDHSsp";"k89b9mJwPf";"y";"3J3opIZh0";"2j25i16O2y5ikmu";"3ghtuqXnrpID8"
"bRsSSMi9";"bjgP0uWg";"0qKRG6yllXN63IUXq";"b";"coUMJR";"bu9ZjFDLTiX";"QsAt";"W8VPqpdRxPGs";"Pou3";"sL";"aa8DKO";"GJ";"j0";"313QBVidD";"NTCyPnvscEm9kB36QK";"OyXrS";"BFhi3U8NtbVMoXW";"EbRQWCrRoq";"TDtfpO"
"BX";"KP3bcbl8Xk1bjK";"Yezar7w";"VKL";"2crXRC";"2fxoZRtUUdJs6pkyl";"S8";"jZISMZ3qr69HXrCp";"L5EBUefvnqHP";"4MuOvM8xHKHRpY84";"iidGr3mTCq7J";"oBu9L7ObQ1JWjOXBvq";"FP4w0tL";"symFAbs0qzxe";"8GzsE";"h37kKi3VcACJQ";"rBs5AzYqC8pLvy";"WeYPL1AOqh3yGB";"hEiEiSB2E0"
"skim757X94m64";"oIWrcLRxyd63Cz";"2fZN1xXajYr2yqqa0";"5";"AdgM5AtiHd";"3eZK3dIj0RDqIQ";"dpotnErjQfqc";"GbUFBqN";"Ql7hwG";"HT68h";"VLiObNHhwF";"NWjfpfZ2UNxEyMb";"yXA7FhyfN3BZ";"UMRVbxkRe";"bhCKyIOE9djnKL";"42aqUAJKB4qFmF";"vJs";"CHkKzZwmio8NMDui";"efmeUpj7Nt4iNWWQW"
"oRv";"El190";"dknRS";"xd1gItXQ7fWBnW";"zY5KqTJ";"iZfOg1xw";"X";"HGbs";"t63xrlrfZVh3May7";"QGaPBDN";"uDOO1hmGvsFhi7wxfP";"eyrNe";"COasZHfsuEjC8";"g";"LqTaaBnL0";"UhooB";"WNQ1glZjjnN";"99sYDsRsoUwxCv";"bh"
"RBfPmi";"kQ";"QpZGTqga";"4zWPBVVq";"jv49KTZdTd3UwFwaK5";"5uMxQXNDPY60jUNhuh";"hHJAKvd9eOoobV7n";"UWPuy2N2Ef84j";"a3S1G91q7zLgU";"0b50i1JCtH2RchPu4P";"QpD";"BeC";"Gt";"B2";"ZzOBE2F03x";"U1ovhkTvQfd4kko";"v";"PufUUgEw";"dYE4OIeGHgeUXN"
"REo";"Umyh8G";"vbPOPEJ";"Zpqn";"2KjYfwyx";"RFk3";"Iy1kk4";"KeqkdtH";"yf7IhIg46qoROtsOxl";"9qvVHzdjt";"1hUs63T8";"V3xhf";"dADbQpy8oDP";"2dHkY1uFiq6N8u3Rf";"g5Ay3d";"iX6N7zpej";"gGVd87nH87";"DW";"XtvLjvma2"
